numquest,macrogroup,category,term,answ1,answ2,answ3,answ4,answ5,answ6,answ7,answ8
1,Dry_Mouth_(S),SENSAZIONE DI BOCCA SECCA,"Negli ultimi 7 giorni, quanto è stata GRAVE la SENSAZIONE DI BOCCA SECCA nel momento PEGGIORE?",Per nulla,Un poco,Abbastanza,Molto,Moltissimo,,,
2,Swallowing_(S),DIFFICOLTA A DEGLUTIRE,"Negli ultimi 7 giorni, quanto è stata GRAVE la DIFFICOLTA A DEGLUTIRE nel momento PEGGIORE?",Per nulla,Un poco,Abbastanza,Molto,Moltissimo,,,
3,Sore_mouth_(S),PIAGHE IN BOCCA O IN GOLA,"Negli ultimi 7 giorni, quanto sono state GRAVI le PIAGHE IN BOCCA O IN GOLA nel momento PEGGIORE?",Per nulla,Un poco,Abbastanza,Molto,Moltissimo,,,
4,Sore_mouth_(I),PIAGHE IN BOCCA O IN GOLA,"Negli ultimi 7 giorni, in che misura le PIAGHE IN BOCCA O IN GOLA HANNO INTERFERITO con le Sue attività abituali o quotidiane?",Per nulla,Un poco,Abbastanza,Molto,Moltissimo,,,
5,Mouth_corners_cracking_(S),SCREPOLATURE AGLI ANGOLI DELLA BOCCA,"Negli ultimi 7 giorni, quanto sono state GRAVI le SCREPOLATURE AGLI ANGOLI DELLA BOCCA, nel momento PEGGIORE?",Per nulla,Un poco,Abbastanza,Molto,Moltissimo,,,
6,Voice_changes_(P),MODIFICAZIONI DELLA VOCE,"Negli ultimi 7 giorni, ha notato MODIFICAZIONI DELLA VOCE?",Sì,No,,,,,,
7,Hoarse_voice_(S),VOCE RAUCA,"Negli ultimi 7 giorni, quanto è stata GRAVE la VOCE RAUCA nel momento PEGGIORE?",Per nulla,Un poco,Abbastanza,Molto,Moltissimo,,,
8,Dysgeusia_(S),DIFFICOLTÀ A SENTIRE IL SAPORE DI CIBI O BEVANDE,"Negli ultimi 7 giorni, quanto è stata GRAVE la DIFFICOLTA A SENTIRE IL SAPORE DI CIBI O BEVANDE nel momento PEGGIORE?",Per nulla,Un poco,Abbastanza,Molto,Moltissimo,,,
9,Appetite_(S),CALO DELL'APPETITO,"Negli ultimi 7 giorni, quanto è stato GRAVE il CALO DELL'APPETITO nel momento PEGGIORE?",Per nulla,Un poco,Abbastanza,Molto,Moltissimo,,,
10,Appetite_(I),CALO DELL'APPETITO,"Negli ultimi 7 giorni, in che misura il CALO DELL'APPETITO HA INTERFERITO con le Sue attività abituali o quotidiane?",Per nulla,Un poco,Abbastanza,Molto,Moltissimo,,,
11,Nausea_(F),NAUSEA (senso di malessere allo stomaco),"Negli ultimi 7 giorni, con quale FREQUENZA ha avuto NAUSEA (senso di malessere allo stomaco)?",Mai,Raramente,Qualche volta,Spesso,Quasi sempre,,,
12,Nausea_(S),NAUSEA (senso di malessere allo stomaco),"Negli ultimi 7 giorni, quanto è stata GRAVE la NAUSEA (senso di malessere allo stomaco) nel momento PEGGIORE?",Per nulla,Un poco,Abbastanza,Molto,Moltissimo,,,
13,Vomiting_(F),VOMITO,"Negli ultimi 7 giorni, con quale FREQUENZA ha avuto VOMITO?",Mai,Raramente,Qualche volta,Spesso,Quasi sempre,,,
14,Vomiting_(S),VOMITO,"Negli ultimi 7 giorni, quanto è stato GRAVE il VOMITO nel momento PEGGIORE?",Per nulla,Un poco,Abbastanza,Molto,Moltissimo,,,
15,Heartburn_(F),BRUCIORE DI STOMACO,"Negli ultimi 7 giorni, con quale FREQUENZA ha accusato IL BRUCIORE DI STOMACO?",Mai,Raramente,Qualche volta,Spesso,Quasi sempre,,,
16,Heartburn_(S),BRUCIORE DI STOMACO,"Negli ultimi 7 giorni, quanto è stato GRAVE IL BRUCIORE DI STOMACO nel momento PEGGIORE?",Per nulla,Un poco,Abbastanza,Molto,Moltissimo,,,
17,Flatulence_(P),MAGGIOR PRODUZIONE DI ARIA INTESTINALE (FLATULENZA),"Negli ultimi 7 giorni, ha notato una MAGGIOR PRODUZIONE DI ARIA INTESTINALE (FLATULENZA)?",Sì,No,,,,,,
18,Bloating_(F),GONFIORE DELLA PANCIA,"Negli ultimi 7 giorni, con quale FREQUENZA ha avuto GONFIORE DELLA PANCIA?",Mai,Raramente,Qualche volta,Spesso,Quasi sempre,,,
19,Bloating_(S),GONFIORE DELLA PANCIA,"Negli ultimi 7 giorni, quanto è stato GRAVE il GONFIORE DELLA PANCIA nel momento PEGGIORE?",Per nulla,Un poco,Abbastanza,Molto,Moltissimo,,,
20,Hiccups_(F),SINGHIOZZO,"Negli ultimi 7 giorni, con quale FREQUENZA ha avuto il SINGHIOZZO?",Mai,Raramente,Qualche volta,Spesso,Quasi sempre,,,
21,Hiccups_(S),SINGHIOZZO,"Negli ultimi 7 giorni, quanto è stato GRAVE il SINGHIOZZO nel momento PEGGIORE?",Per nulla,Un poco,Abbastanza,Molto,Moltissimo,,,
22,Constipation_(S),STITICHEZZA,"Negli ultimi 7 giorni, quanto è stata GRAVE la STITICHEZZA nel momento PEGGIORE?",Per nulla,Un poco,Abbastanza,Molto,Moltissimo,,,
23,Diarrhoea_(F),FECI MOLLI O ACQUOSE (DIARREA),"Negli ultimi 7 giorni, con quale FREQUENZA ha notato FECI MOLLI O ACQUOSE (DIARREA)?",Mai,Raramente,Qualche volta,Spesso,Quasi sempre,,,
24,Abdominal_pain_(F),MAL DI PANCIA,"Negli ultimi 7 giorni, con quale FREQUENZA ha avuto MAL DI PANCIA?",Mai,Raramente,Qualche volta,Spesso,Quasi sempre,,,
25,Abdominal_pain_(S),MAL DI PANCIA,"Negli ultimi 7 giorni, quanto è stato GRAVE il MAL DI PANCIA nel momento PEGGIORE?",Per nulla,Un poco,Abbastanza,Molto,Moltissimo,,,
26,Abdominal_pain_(I),MAL DI PANCIA,"Negli ultimi 7 giorni, in che misura il MAL DI PANCIA HA INTERFERITO con le Sue attività abituali o quotidiane?",Per nulla,Un poco,Abbastanza,Molto,Moltissimo,,,
27,Fecal_incontinence_(F),PERDITE DI FECI,"Negli ultimi 7 giorni, con quale FREQUENZA ha avuto PERDITE DI FECI?",Mai,Raramente,Qualche volta,Spesso,Quasi sempre,,,
28,Fecal_incontinence_(I),PERDITE DI FECI,"Negli ultimi 7 giorni, in che misura le PERDITE DI FECI HANNO INTERFERITO con le Sue attività abituali o quotidiane?",Per nulla,Un poco,Abbastanza,Molto,Moltissimo,,,
29,Dyspnoea_(S),MANCANZA DI FIATO,"Negli ultimi 7 giorni, quanto è stata GRAVE la MANCANZA DI FIATO nel momento PEGGIORE?",Per nulla,Un poco,Abbastanza,Molto,Moltissimo,,,
30,Dyspnoea_(I),MANCANZA DI FIATO,"Negli ultimi 7 giorni, in che misura la MANCANZA DI FIATO ha INTERFERITO con le Sue attività abituali o quotidiane?",Per nulla,Un poco,Abbastanza,Molto,Moltissimo,,,
31,Cough_(S),TOSSE,"Negli ultimi 7 giorni, quanto è stata GRAVE la TOSSE nel momento PEGGIORE?",Per nulla,Un poco,Abbastanza,Molto,Moltissimo,,,
32,Cough_(I),TOSSE,"Negli ultimi 7 giorni, in che misura la TOSSE HA INTERFERITO con le Sue attività abituali o quotidiane?",Per nulla,Un poco,Abbastanza,Molto,Moltissimo,,,
33,Wheezing_(S),RESPIRO SIBILANTE (EMISSIONE DI UN FISCHIO QUANDO SI RESPIRA),"Negli ultimi 7 giorni, quanto è stato GRAVE il RESPIRO SIBILANTE (EMISSIONE DI UN FISCHIO QUANDO SI RESPIRA) nel momento PEGGIORE?",Per nulla,Un poco,Abbastanza,Molto,Moltissimo,,,
34,Arm/leg_swelling_(F),GONFIORE ALLE BRACCIA O ALLE GAMBE,"Negli ultimi 7 giorni, con quale FREQUENZA ha avuto GONFIORE ALLE BRACCIA O ALLE GAMBE?",Mai,Raramente,Qualche volta,Spesso,Quasi sempre,,,
35,Arm/leg_swelling_(S),GONFIORE ALLE BRACCIA O ALLE GAMBE,"Negli ultimi 7 giorni, quanto è stato GRAVE il GONFIORE ALLE BRACCIA O ALLE GAMBE nel momento PEGGIORE?",Per nulla,Un poco,Abbastanza,Molto,Moltissimo,,,
36,Arm/leg_swelling_(I),GONFIORE ALLE BRACCIA O ALLE GAMBE,"Negli ultimi 7 giorni, in che misura il GONFIORE ALLE BRACCIA O ALLE GAMBE HA INTERFERITO con le Sue attività abituali o quotidiane?",Per nulla,Un poco,Abbastanza,Molto,Moltissimo,,,
37,Palpitations_(F),PALPITAZIONI,"Negli ultimi 7 giorni, con quale FREQUENZA ha avvertito PALPITAZIONI?",Mai,Raramente,Qualche volta,Spesso,Quasi sempre,,,
38,Palpitations_(S),PALPITAZIONI,"Negli ultimi 7 giorni, quanto sono state GRAVI le PALPITAZIONI nel momento PEGGIORE?",Per nulla,Un poco,Abbastanza,Molto,Moltissimo,,,
39,Rash_(P),IRRITAZIONE DELLA PELLE,"Negli ultimi 7 giorni, ha avuto qualche IRRITAZIONE DELLA PELLE?",Sì,No,,,,,,
40,Dry_Skin_(S),SECCHEZZA DELLA PELLE,"Negli ultimi 7 giorni, quanto è stata GRAVE la SECCHEZZA DELLA PELLE nel momento PEGGIORE?",Per nulla,Un poco,Abbastanza,Molto,Moltissimo,,,
41,Acne_(S),BRUFOLI (ACNE) SUL VOLTO O SUL TORACE,"Negli ultimi 7 giorni, quanto sono stati GRAVI i BRUFOLI (ACNE) SUL VOLTO O SUL TORACE nel momento PEGGIORE?",Per nulla,Un poco,Abbastanza,Molto,Moltissimo,,,
42,Hair_loss_(A),PERDITA DEI CAPELLI,"Negli ultimi 7 giorni, ha PERSO I CAPELLI?",Per nulla,Un poco,Abbastanza,Molto,Moltissimo,,,
43,Itchy_skin_(S),PRURITO,"Negli ultimi 7 giorni, quanto è stato GRAVE il PRURITO nel momento PEGGIORE?",Per nulla,Un poco,Abbastanza,Molto,Moltissimo,,,
44,Hives_(P),ORTICARIA (BOLLE ROSSE che provocano prurito SULLA PELLE),"Negli ultimi 7 giorni, ha sviluppato ORTICARIA  (BOLLE ROSSE che provocano prurito) sulla pelle?",Sì,No,,,,,,
45,Hand/foot_syndrome_(S),"SINDROME MANO-PIEDE (IRRITAZIONE DELLE MANI O DEI PIEDI CHE PUÒ CAUSARE SCREPOLATURE, SPELLATURE, ROSSORE O DOLORE)","Negli ultimi 7 giorni, quanto è stata GRAVE la SINDROME MANO-PIEDE (IRRITAZIONE DELLE MANI O DEI PIEDI CHE PUÒ CAUSARE SCREPOLATURE, SPELLATURE, ROSSORE O DOLORE) nel momento PEGGIORE?",Per nulla,Un poco,Abbastanza,Molto,Moltissimo,,,
46,Loss_of_nails_(P),PERDITA DI UNGHIE DELLE MANI O DEI PIEDI,"Negli ultimi 7 giorni, ha PERSO DELLE UNGHIE DELLE MANI O DEI PIEDI?",Sì,No,,,,,,
47,Ridges/bumps_of_nails_(P),ISPESSIMENTI O SOLCHI SULLE UNGHIE DELLE MANI O DEI PIEDI,"Negli ultimi 7 giorni, ha notato la presenza di ISPESSIMENTI O SOLCHI SULLE UNGHIE DELLE MANI O DEI PIEDI?",Sì,No,,,,,,
48,Color_of_nails_(P),VARIAZIONE DI COLORE DELLE UNGHIE DELLE MANI O DEI PIEDI,"Negli ultimi 7 giorni, ha notato una VARIAZIONE DI COLORE DELLE UNGHIE DELLE MANI O DEI PIEDI?",Sì,No,,,,,,
49,Sunlight_sensitivity_(P),MAGGIOR SENSIBILITÀ DELLA PELLE AI RAGGI SOLARI,"Negli ultimi 7 giorni, ha notato una MAGGIOR SENSIBILITÀ DELLA PELLE AI RAGGI SOLARI?",Sì,No,,,,,,
50,Bed_sores_(P),PIAGHE DA DECUBITO,"Negli ultimi 7 giorni, ha avuto PIAGHE DA DECUBITO?",Sì,No,,,,,,
51,Radiodermitis_(S),BRUCIATURE DELLA PELLE IN CONSEGUENZA DELLA RADIOTERAPIA,"Negli ultimi 7 giorni, quanto sono state GRAVI le BRUCIATURE DELLA PELLE IN CONSEGUENZA DELLA RADIOTERAPIA nel momento PEGGIORE?",Per nulla,Un poco,Abbastanza,Molto,Moltissimo,Non pertinente,,
52,Skin_darkening_(P),INSOLITO INSCURIMENTO DELLA PELLE,"Negli ultimi 7 giorni, ha notato un INSOLITO INSCURIMENTO DELLA PELLE?",Sì,No,,,,,,
53,Stretch_marks_(P),SMAGLIATURE,"Negli ultimi 7 giorni, ha notato la presenza di SMAGLIATURE?",Sì,No,,,,,,
54,Hand/foot_neuropathy_(S),INTORPIDIMENTO O FORMICOLIO ALLE MANI O AI PIEDI,"Negli ultimi 7 giorni, nel momento PEGGIORE, quanto è stato GRAVE l'INTORPIDIMENTO O FORMICOLIO ALLE MANI O AI PIEDI?",Per nulla,Un poco,Abbastanza,Molto,Moltissimo,,,
55,Hand/foot_neuropathy_(I),INTORPIDIMENTO O FORMICOLIO ALLE MANI O AI PIEDI,"Negli ultimi 7 giorni, in che misura l'INTORPIDIMENTO O FORMICOLIO ALLE MANI O AI PIEDI HA INTERFERITO con le Sue attività abituali o quotidiane?",Per nulla,Un poco,Abbastanza,Molto,Moltissimo,,,
56,Dizziness_(S),GIRAMENTI DI TESTA,"Negli ultimi 7 giorni, quanto sono stati GRAVI i GIRAMENTI DI TESTA nel momento PEGGIORE?",Per nulla,Un poco,Abbastanza,Molto,Moltissimo,,,
57,Dizziness_(I),GIRAMENTI DI TESTA,"Negli ultimi 7 giorni, in che misura i GIRAMENTI DI TESTA HANNO INTERFERITO con le Sue attività abituali o quotidiane?",Per nulla,Un poco,Abbastanza,Molto,Moltissimo,,,
58,Blurry_vision_(S),APPANNAMENTO DELLA VISTA,"Negli ultimi 7 giorni, quanto è stato GRAVE l''APPANN!MENTO DELLA VISTA nel momento PEGGIORE?",Per nulla,Un poco,Abbastanza,Molto,Moltissimo,,,
59,Blurry_vision_(I),APPANNAMENTO DELLA VISTA,"Negli ultimi 7 giorni, in che misura  l'' APPANNAMENTO DELLA VISTA HA INTERFERITO con le Sue attività abituali o quotidiane?",Per nulla,Un poco,Abbastanza,Molto,Moltissimo,,,
60,Ocular_flashes_(P),LAMPI DAVANTI AGLI OCCHI,"Negli ultimi 7 giorni, ha notato la comparsa di LAMPI DAVANTI AGLI OCCHI?",Sì,No,,,,,,
61,Ocular_spots/lines/floaters_(P),MOSCHE VOLANTI DAVANTI AGLI OCCHI,"Negli ultimi 7 giorni, ha avvertito la presenza di MOSCHE VOLANTI DAVANTI AGLI OCCHI?",Sì,No,,,,,,
62,Watery_eyes_(S),ECCESSIVA LACRIMAZIONE,"Negli ultimi 7 giorni, quanto è stata GRAVE l''ECCESSIVA LACRIMAZIONE nel momento PEGGIORE?",Per nulla,Un poco,Abbastanza,Molto,Moltissimo,,,
63,Watery_eyes_(I),ECCESSIVA LACRIMAZIONE,"Negli ultimi 7 giorni, in che misura l''ECCESSIVA LACRIMAZIONE HA INTERFERITO con le Sue attività abituali o quotidiane?",Per nulla,Un poco,Abbastanza,Molto,Moltissimo,,,
64,Ringing_in_ears_(S),RONZIO NELLE ORECCHIE,"Negli ultimi 7 giorni, quanto è stato GRAVE il RONZIO NELLE ORECCHIE nel momento PEGGIORE?",Per nulla,Un poco,Abbastanza,Molto,Moltissimo,,,
65,Concentration_(S),PROBLEMI DI CONCENTRAZIONE,"Negli ultimi 7 giorni, quanto sono stati GRAVI i PROBLEMI DI CONCENTRAZIONE nel momento PEGGIORE?",Per nulla,Un poco,Abbastanza,Molto,Moltissimo,,,
66,Concentration_(I),PROBLEMI DI CONCENTRAZIONE,"Negli ultimi 7 giorni, in che misura i PROBLEMI DI CONCENTRAZIONE HANNO INTERFERITO con le Sue attività abituali o quotidiane?",Per nulla,Un poco,Abbastanza,Molto,Moltissimo,,,
67,Memory_(S),PROBLEMI DI MEMORIA,"Negli ultimi 7 giorni, quanto sono stati GRAVI i PROBLEMI DI MEMORIA nel momento PEGGIORE?",Per nulla,Un poco,Abbastanza,Molto,Moltissimo,,,
68,Memory_(I),PROBLEMI DI MEMORIA,"Negli ultimi 7 giorni, in che misura i PROBLEMI DI MEMORIA HANNO INTERFERITO con le Sue attivitàabituali o quotidiane?",Per nulla,Un poco,Abbastanza,Molto,Moltissimo,,,
69,Pain_(F),DOLORE FISICO,"Negli ultimi 7 giorni, con quale FREQUENZA ha avuto DOLORE FISICO?",Mai,Raramente,Qualche volta,Spesso,Quasi sempre,,,
70,Pain_(S),DOLORE FISICO,"Negli ultimi 7 giorni, quanto è stato GRAVE il DOLORE FISICO nel momento PEGGIORE?",Per nulla,Un poco,Abbastanza,Molto,Moltissimo,,,
71,Pain_(I),DOLORE FISICO,"Negli ultimi 7 giorni, in che misura il DOLORE FISICO HA INTERFERITO con le Sue attività abituali o quotidiane?",Per nulla,Un poco,Abbastanza,Molto,Moltissimo,,,
72,Headache_(F),MAL DI TESTA,"Negli ultimi 7 giorni, con quale FREQUENZA ha avuto MAL DI TESTA?",Mai,Raramente,Qualche volta,Spesso,Quasi sempre,,,
73,Headache_(S),MAL DI TESTA,"Negli ultimi 7 giorni, quanto è stato GRAVE il MAL DI TESTA nel momento PEGGIORE?",Per nulla,Un poco,Abbastanza,Molto,Moltissimo,,,
74,Headache_(I),MAL DI TESTA,"Negli ultimi 7 giorni, in che misura il MAL DI TESTA HA INTERFERITO con le Sue attività abituali o quotidiane?",Per nulla,Un poco,Abbastanza,Molto,Moltissimo,,,
75,Muscle_pain_(F),DOLORE AI MUSCOLI,"Negli ultimi 7 giorni, con quale FREQUENZA ha avuto DOLORE AI MUSCOLI?",Mai,Raramente,Qualche volta,Spesso,Quasi sempre,,,
76,Muscle_pain_(S),DOLORE AI MUSCOLI,"Negli ultimi 7 giorni, quanto è stato GRAVE il DOLORE AI MUSCOLI nel momento PEGGIORE?",Per nulla,Un poco,Abbastanza,Molto,Moltissimo,,,
77,Muscle_pain_(I),DOLORE AI MUSCOLI,"Negli ultimi 7 giorni, in che misura il DOLORE AI MUSCOLI HA INTEREFERITO con le Sue attività abituali o quotidiane?",Per nulla,Un poco,Abbastanza,Molto,Moltissimo,,,
78,Joint_pain_(F),"DOLORE ALLE ARTICOLAZIONI (ES. GOMITI, GINOCCHIA, SPALLE)","Negli ultimi 7 giorni, con quale FREQUENZA ha avuto DOLORE ALLE ARTICOLAZIONI (ES. GOMITI, GINOCCHIA, SPALLE)?",Mai,Raramente,Qualche volta,Spesso,Quasi sempre,,,
79,Joint_pain_(S),"DOLORE ALLE ARTICOLAZIONI (ES. GOMITI, GINOCCHIA, SPALLE)","Negli ultimi 7 giorni, quanto è stato GRAVE il DOLORE ALLE ARTICOLAZIONI (ES. GOMITI, GINOCCHIA, SPALLE) nel momento PEGGIORE?",Per nulla,Un poco,Abbastanza,Molto,Moltissimo,,,
80,Joint_pain_(I),"DOLORE ALLE ARTICOLAZIONI (ES. GOMITI, GINOCCHIA, SPALLE)","Negli ultimi 7 giorni, in che misura il DOLORE ALLE ARTICOLAZIONI (ES. GOMITI, GINOCCHIA, SPALLE) HA INTERFERITO con le Sue attività abituali o quotidiane?",Per nulla,Un poco,Abbastanza,Molto,Moltissimo,,,
81,Insomnia_(S),"INSONNIA (DIFFICOLTÀ DI ADDORMENTARSI O A MANTENERE IL SONNO, O TENDENZA A SVEGLIARSI PRESTO)","Negli ultimi 7 giorni, quanto è stata GRAVE L'INSONNIA (DIFFICOLTA DI ADDORMENTARSI O A MANTENERE IL SONNO, O TENDENZA A SVEGLIARSI PRESTO) nel momento PEGGIORE?",Per nulla,Un poco,Abbastanza,Molto,Moltissimo,,,
82,Insomnia_(I),"INSONNIA (DIFFICOLTÀ DI ADDORMENTARSI O A MANTENERE IL SONNO, O TENDENZA A SVEGLIARSI PRESTO)","Negli ultimi 7 giorni, in che misura l'INSONNIA (DIFFICOLTA DI ADDORMENTARSI O A MANTENERE IL SONNO, O TENDENZA A SVEGLIARSI PRESTO) HA INTERFERITO con le Sue attività abituali o quotidiane?",Per nulla,Un poco,Abbastanza,Molto,Moltissimo,,,
83,Fatigue_(S),"SENSO DI FATICA, STANCHEZZA O MANCANZA DI ENERGIA","Negli ultimi 7 giorni, quanto è stato GRAVE il SENSO DI FATICA, STANCHEZZA O MANCANZA DI ENERGIA nel momento PEGGIORE?",Per nulla,Un poco,Abbastanza,Molto,Moltissimo,,,
84,Fatigue_(I),"SENSO DI FATICA, STANCHEZZA O MANCANZA DI ENERGIA","Negli ultimi 7 giorni, nel momento PEGGIORE, in che misura il SENSO DI FATICA, STANCHEZZA O MANCANZA DI ENERGIA HA INTERFERITO con le sue attività abituali o quotidiane?",Per nulla,Un poco,Abbastanza,Molto,Moltissimo,,,
85,Anxiety_(F),ANSIA,"Negli ultimi 7 giorni, con quale FREQUENZA ha avuto ANSIA?",Mai,Raramente,Qualche volta,Spesso,Quasi sempre,,,
86,Anxiety_(S),ANSIA,"Negli ultimi 7 giorni, quanto è stata GRAVE l''ANSIA nel momento PEGGIORE?",Per nulla,Un poco,Abbastanza,Molto,Moltissimo,,,
87,Anxiety_(I),ANSIA,"Negli ultimi 7 giorni, in che misura l''ANSIA HA INTERFERITO con le Sue attività abituali o quotidiane?",Per nulla,Un poco,Abbastanza,Molto,Moltissimo,,,
88,Depression_(F),STATO D'ANIMO,"Negli ultimi 7 giorni, con quale FREQUENZA ha avuto la SENSAZIONE CHE NULLA POTESSE TIRARLA SU DI MORALE?",Mai,Raramente,Qualche volta,Spesso,Quasi sempre,,,
89,Depression_(S),STATO D'ANIMO,"Negli ultimi 7 giorni, quanto è stata GRAVE la SENSAZIONE CHE NULLA POTESSE TIRARLA SU DI MORALE, nel momento PEGGIORE?",Per nulla,Un poco,Abbastanza,Molto,Moltissimo,,,
90,Depression_(I),STATO D'ANIMO,"Negli ultimi 7 giorni, in che misura la SENSAZIONE CHE NULLA POTESSE TIRARLA SU DI MORALE HA INTERFERITO con le Sue attività abituali o quotidiane?",Per nulla,Un poco,Abbastanza,Molto,Moltissimo,,,
91,Sadness_(F),TRISTEZZA,"Negli ultimi 7 giorni, con quale FREQUENZA ha provato TRISTEZZA o INFELICITÀ?",Mai,Raramente,Qualche volta,Spesso,Quasi sempre,,,
92,Sadness_(S),TRISTEZZA,"Negli ultimi 7 giorni, quanto sono state GRAVI la TRISTEZZA o l'INFELICITÀ nel momento PEGGIORE?",Per nulla,Un poco,Abbastanza,Molto,Moltissimo,,,
93,Sadness_(I),TRISTEZZA,"Negli ultimi 7 giorni, in che misura TRISTEZZA o INFELICITÀ HANNO INTERFERITO con le Sue attività abituali o quotidiane?",Per nulla,Un poco,Abbastanza,Molto,Moltissimo,,,
94,Irregular_menses_(P),MESTRUAZIONI IRREGOLARI,"Negli ultimi 7 giorni, ha avuto MESTRUAZIONI IRREGOLARI?",Sì,No,Non pertinente,,,,,
95,Missed_menses_(P),REGOLARITÀ DELLE MESTRUAZIONI,"Negli ultimi 7 giorni, ha saltato un CICLO MESTRUALE?",Sì,No,Non pertinente,,,,,
96,Vaginal_discharge_(A),INSOLITE PERDITE VAGINALI,"Negli ultimi 7 giorni, ha notato la presenza di INSOLITE PERDITE VAGINALI?",Per nulla,Un poco,Abbastanza,Molto,Moltissimo,,,
97,Vaginal_dryness_(S),SECCHEZZA VAGINALE,"Negli ultimi 7 giorni, quanto è stata GRAVE la SECCHEZZA VAGINALE nel momento PEGGIORE?",Per nulla,Un poco,Abbastanza,Molto,Moltissimo,,,
98,Painful_urination_(S),DOLORE O BRUCIORE NELL'URINARE,"Negli ultimi 7 giorni, quanto sono stati GRAVI il DOLORE O BRUCIORE NELL''URINARE, nel momento PEGGIORE?",Per nulla,Un poco,Abbastanza,Molto,Moltissimo,,,
99,Urgent_urination_(F),BISOGNO URGENTE DI URINARE,"Negli ultimi 7 giorni, con quale FREQUENZA ha avvertito un BISOGNO URGENTE DI URINARE?",Mai,Raramente,Qualche volta,Spesso,Quasi sempre,,,
100,Urgent_urination_(I),BISOGNO URGENTE DI URINARE,"Negli ultimi 7 giorni, in che misura il BISOGNO URGENTE DI URINARE HA INTERFERITO con le Sue attività abituali o quotidiane?",Per nulla,Un poco,Abbastanza,Molto,Moltissimo,,,
101,Frequent_urination_(F),BISOGNO FREQUENTE DI URINARE,"Negli ultimi 7 giorni, ci sono state volte in cui ha avvertito un BISOGNO FREQUENTE DI URINARE?",Mai,Raramente,Qualche volta,Spesso,Quasi sempre,,,
102,Frequent_urination_(I),BISOGNO FREQUENTE DI URINARE,"Negli ultimi 7 giorni, in che misura il BISOGNO FREQUENTE DI URINARE HA INTERFERITO con le Sue attività abituali o quotidiane?",Per nulla,Un poco,Abbastanza,Molto,Moltissimo,,,
103,Urine_color_change_(P),VARIAZIONE DI COLORE DELLE URINE,"Negli ultimi 7 giorni, ha notato una VARIAZIONE DI COLORE DELLE URINE?",Sì,No,,,,,,
104,Urinary_incontinence_(F),PERDITE DI URINA,"Negli ultimi 7 giorni, con quale FREQUENZA ha notato PERDITE DI URINA?",Mai,Raramente,Qualche volta,Spesso,Quasi sempre,,,
105,Urinary_incontinence_(I),PERDITE DI URINA,"Negli ultimi 7 giorni, in che misura le PERDITE DI URINA HANNO INTERFERITO con le Sue attività abituali oquotidiane?",Per nulla,Un poco,Abbastanza,Molto,Moltissimo,,,
106,Erectyl_disfunction_(S),DIFFICOLTÀ A RAGGIUNGERE O MANTENERE L''EREZIONE,"Negli ultimi 7 giorni, quanto è stata GRAVE la DIFFICOLTA A RAGGIUNGERE O MANTENERE L''EREZIONE nel momento PEGGIORE?",Per nulla,Un poco,Abbastanza,Molto,Moltissimo,Non sessualmente attivo,Preferisco non rispondere,
107,Ejaculation_problems_(F),PROBLEMI DI EIACULAZIONE,"Negli ultimi 7 giorni, con quale FREQUENZA ha PROBLEMI DI EIACULAZIONE?",Mai,Raramente,Qualche volta,Spesso,Quasi sempre,Non sessualmente attivo,Preferisco non rispondere,
108,Libido_loss_(S),CALO DEL DESIDERIO SESSUALE,"Negli ultimi 7 giorni, quanto è stato GRAVE il CALO DEL DESIDERIO SESSUALE nel momento PEGGIORE?",Per nulla,Un poco,Abbastanza,Molto,Moltissimo,Non sessualmente attivo,Preferisco non rispondere,
109,Late_orgasm_(P),TROPPO TEMPO PER RAGGIUNGERE L''ORGASMO,"Negli ultimi 7 giorni, Le è sembrato che ci volesse TROPPO TEMPO PER RAGGIUNGERE L'ORGASMO?",Sì,No,Non sessualmente attivo,Preferisco non rispondere,,,,
110,Unable_to_orgasm_(P),INCAPACITÀ A RAGGIUNGERE L''ORGASMO,"Negli ultimi 7 giorni, ha avvertito INCAPACITÀ A RAGGIUNGERE L''ORGASMO?",Sì,No,Non sessualmente attivo,Preferisco non rispondere,,,,
111,Painful_Intercourse_(S),DOLORE DURANTE IL RAPPORTO SESSUALE,"Negli ultimi 7 giorni, quanto è stato GRAVE il DOLORE DURANTE IL RAPPORTO VAGINALE nel momento PEGGIORE?",Per nulla,Un poco,Abbastanza,Molto,Moltissimo,Non sessualmente attivo,Preferisco non rispondere,
112,Breast_tenderness_(S),AUMENTO DI VOLUME O TENSIONE DELLE MAMMELLE,"Negli ultimi 7 giorni, quanto è stato GRAVE l''AUMENTO DI VOLUME O TENSIONE DELLE MAMMELLE nel momento PEGGIORE?",Per nulla,Un poco,Abbastanza,Molto,Moltissimo,,,
113,Bruise_(P),LIVIDI,"Negli ultimi 7 giorni, si è PROCURATO LIVIDI FACILMENTE?",Sì,No,,,,,,
114,Chills_(F),TREMORI O BRIVIDI,"Negli ultimi 7 giorni, con quale FREQUENZA ha avvertito TREMORI O BRIVIDI?",Mai,Raramente,Qualche volta,Spesso,Quasi sempre,,,
115,Chills_(S),TREMORI O BRIVIDI,"Negli ultimi 7 giorni, quanto sono stati GRAVI i TREMORI O BRIVIDI nel momento PEGGIORE?",Per nulla,Un poco,Abbastanza,Molto,Moltissimo,,,
116,Excessive_sweating_(F),INSOLITA O ECCESSIVA SUDORAZIONE DURANTE IL GIORNO O LA NOTTE (NON CORRELATA ALLE VAMPATE DI CALORE),"Negli ultimi 7 giorni, con quale FREQUENZA ha sviluppato INSOLITA O ECCESSIVA SUDORAZIONE DURANTE IL GIORNO O LA NOTTE (NON CORRELATA ALLE VAMPATE DI CALORE)?",Mai,Raramente,Qualche volta,Spesso,Quasi sempre,,,
117,Excessive_sweating_(S),INSOLITA O ECCESSIVA SUDORAZIONE DURANTE IL GIORNO O LA NOTTE (NON CORRELATA ALLE VAMPATE DI CALORE),"Negli ultimi 7 giorni, quanto è stata GRAVE l'INSOLITA O ECCESSIVA SUDORAZIONE DURANTE IL GIORNO O LA NOTTE, nel momento PEGGIORE?",Per nulla,Un poco,Abbastanza,Molto,Moltissimo,,,
118,Decreased_sweating_(P),CALO DELLA SUDORAZIONE,"Negli ultimi 7 giorni, ha notato un CALO DELLA SUDORAZIONE?",Sì,No,,,,,,
119,Hot_flushes_(F),VAMPATE DI CALORE,"Negli ultimi 7 giorni, con quale FREQUENZA ha avuto VAMPATE DI CALORE?",Mai,Raramente,Qualche volta,Spesso,Quasi sempre,,,
120,Hot_flushes_(S),VAMPATE DI CALORE,"Negli ultimi 7 giorni, quanto sono state GRAVI le VAMPATE DI CALORE nel momento PEGGIORE?",Per nulla,Un poco,Abbastanza,Molto,Moltissimo,,,
121,Epistaxis_(F),SANGUE DAL NASO,"Negli ultimi 7 giorni, con quale FREQUENZA ha avuto perdita di SANGUE DAL NASO?",Mai,Raramente,Qualche volta,Spesso,Quasi sempre,,,
122,Epistaxis_(S),SANGUE DAL NASO,"Negli ultimi 7 giorni, quanto è stata GRAVE la perdita di SANGUE DAL NASO nel momento PEGGIORE?",Per nulla,Un poco,Abbastanza,Molto,Moltissimo,,,
123,Injection_site_problems_(P),"DOLORE, GONFIORE, ROSSORE NEL PUNTO IN CUI È STATA SOMMINISTRATA LA TERAPIA","Negli ultimi 7 giorni, ha sviluppato DOLORE, GONFIORE, ROSSORE NEL PUNTO IN CUI È STATA SOMMINISTRATA LA TERAPIA?",Sì,No,Non pertinente,,,,,
124,Body_odor_(S),ODORE CORPOREO,"Negli ultimi 7 giorni, quanto è stato GRAVE il problema dell'ODORE CORPOREO nel momento PEGGIORE?",Per nulla,Un poco,Abbastanza,Molto,Moltissimo,,,
125,ALTRI_SINTOMI,ALTRI SINTOMI,Descriva il sintomo e quanto è stato grave nel momento peggiore,Per nulla,Un poco,Abbastanza,Molto,Moltissimo,,,
126,,"Quando una persona è in terapia per un tumore, talvolta può sviluppare diversi sintomi ed effetti collaterali, alcuni dei quali possono riguardare la sfera sessuale. La raccolta delle seguenti informazioni può essere utile ai fini di una valutazione clinica accurata e per garantire l'accesso ai servizi di prevenzione, diagnosi e cura. Inoltre può essere uno strumento per avviare una conversazione con gli specialisti per discutere delle opzioni di trattamento e migliorare la salute sessuale e la qualità della vita.","La preghiamo di rispondere alle seguenti domande ponendo un segno sulla voce che ritiene più appropriata. Non esiste una risposta -giusta- o -sbagliata-. Le Sue informazioni verranno tenute strettamente riservate. Per quelle non pertinenti, risponda -Non applicabile-.",OK,,,,,,,
